<?xml version="1.0" encoding="UTF-8"?>
<beans xmlns="http://www.springframework.org/schema/beans"
	xmlns:xsi="http://www.w3.org/2001/XMLSchema-instance" 
	xmlns:context="http://www.springframework.org/schema/context"
	xmlns:mvc="http://www.springframework.org/schema/mvc"
	xsi:schemaLocation="
		http://www.springframework.org/schema/beans
    	http://www.springframework.org/schema/beans/spring-beans.xsd
    	http://www.springframework.org/schema/context
    	http://www.springframework.org/schema/context/spring-context.xsd
    	http://www.springframework.org/schema/mvc
        http://www.springframework.org/schema/mvc/spring-mvc.xsd">
        
        <!-- Reading the package where the controller classes are available -->
        <context:component-scan base-package="it.sella.com"></context:component-scan>
        
        <!-- Taking mvc annotation support -->
        <mvc:annotation-driven/>
                                            
        <bean class = "org.springframework.web.servlet.view.InternalResourceViewResolver">
        	<property name="prefix" value = "/WEB-INF/view/"/>
        	<property name="suffix" value = ".jsp"/>
        </bean>
        
        <!-- Oracle Datasource configuration -->
        <bean id ="ds" class = "org.springframework.jdbc.datasource.DriverManagerDataSource">
        	<property name="driverClassName" value = "oracle.jdbc.driver.OracleDriver"></property>
        	<property name="url" value = "jdbc:oracle:thin:@localhost:1521:xe"></property>
        	<property name="username" value = "hr"></property>
        	<property name="password" value = "hr"></property>        	
        </bean>
        
        <!-- JdbcTemplate using datasource configuration -->
        <bean id = "jdbcTemplate" class = "org.springframework.jdbc.core.JdbcTemplate">
        	<property name="dataSource" ref = "ds"></property>
        </bean>
        
        <bean id = "daoObj" class = "it.sella.com.LoginDaoImpl">
        	<property name="jdbcTemplate" ref = "jdbcTemplate"></property>
        </bean>
        
        </beans>