<?xml version="1.0" encoding="UTF-8"?>
<beans xmlns="http://www.springframework.org/schema/beans"
    xmlns:xsi="http://www.w3.org/2001/XMLSchema-instance" 
    xmlns:context="http://www.springframework.org/schema/context"
    xsi:schemaLocation="http://www.springframework.org/schema/beans
    http://www.springframework.org/schema/beans/spring-beans.xsd
    http://www.springframework.org/schema/context
    http://www.springframework.org/schema/context/spring-context.xsd">
    
	<bean id="hondaobj" class="com.spring.ioc.Honda"></bean>
    <bean id="hundaiobj" class="com.spring.ioc.Hyundai"></bean>	
    
	<bean id = "objectfactoryobj" class = "com.spring.ioc.ObjectFactory">
	<constructor-arg ref="hundaiobj"/>
	</bean>
	
	<bean id = "objectfactoryobj1" class = "com.spring.ioc.ObjectFactory">
	<constructor-arg ref="hondaobj"/>
	</bean>
	
</beans>
	