<?xml version="1.0" encoding="UTF-8"?>
<beans xmlns="http://www.springframework.org/schema/beans" 
        xmlns:context="http://www.springframework.org/schema/context" 
        xmlns:mvc="http://www.springframework.org/schema/mvc" 
        xmlns:util="http://www.springframework.org/schema/util" 
        xmlns:xsi="http://www.w3.org/2001/XMLSchema-instance" 
        xsi:schemaLocation="
            http://www.springframework.org/schema/beans     
            http://www.springframework.org/schema/beans/spring-beans.xsd     
            http://www.springframework.org/schema/context     
            http://www.springframework.org/schema/context/spring-context.xsd     
            http://www.springframework.org/schema/mvc         
            http://www.springframework.org/schema/mvc/spring-mvc.xsd 
            http://www.springframework.org/schema/util     
            http://www.springframework.org/schema/util/spring-util.xsd">
        
        <!-- Adding support for Component Scanning -->
        <context:component-scan base-package="it.sella.com"></context:component-scan>
        
        <!-- Adding support to annotation, formatting and validation -->
        <mvc:annotation-driven/>
        
        <util:properties id = "countryOptions" location="./WEB-INF/countries.properties"></util:properties>
        
        
        
        <!-- Define spring MVC view Resolver -->
        <bean class = "org.springframework.web.servlet.view.InternalResourceViewResolver">
        		<property name = "prefix" value="/WEB-INF/view/"/>
        		<property name = "suffix" value=".jsp"/>
        </bean>
        
        </beans>