<?xml version="1.0" encoding="UTF-8"?>
<beans xmlns="http://www.springframework.org/schema/beans"
	xmlns:xsi="http://www.w3.org/2001/XMLSchema-instance"
	xmlns:context="http://www.springframework.org/schema/context"
	xsi:schemaLocation="http://www.springframework.org/schema/beans
    http://www.springframework.org/schema/beans/spring-beans.xsd
    http://www.springframework.org/schema/context
    http://www.springframework.org/schema/context/spring-context.xsd">


	<bean id="lba"
		class="it.sella.com.beforeadvice.LoggingBeforeAdvice" />

	<bean id="csImpl"
		class="it.sella.com.spring.service.CustomerServiceImpl">
		<property name="name" value="Suman Rajput"></property>
		<property name="url" value="http://www.kritika.in" />
	</bean>

	<bean id="csProxy"
		class="org.springframework.aop.framework.ProxyFactoryBean">
		<property name="proxyInterfaces"
			value="it.sella.com.spring.service.CustomerService" />
		<property name="interceptorNames" value="lba" />
		<property name="target" ref="csImpl" />
	</bean>

</beans>      