<beans xmlns="http://www.springframework.org/schema/beans"
	xmlns:xsi="http://www.w3.org/2001/XMLSchema-instance"
	xmlns:context="http://www.springframework.org/schema/context"
	xmlns:util="http://www.springframework.org/schema/util"
	xsi:schemaLocation="
        http://www.springframework.org/schema/beans 
        http://www.springframework.org/schema/beans/spring-beans.xsd
        http://www.springframework.org/schema/context
    http://www.springframework.org/schema/context/spring-context.xsd
        http://www.springframework.org/schema/util 
        http://www.springframework.org/schema/util/spring-util.xsd">

	<bean
		class="org.springframework.beans.factory.config.PropertyPlaceholderConfigurer">
		<property name="locations">
			<value>db.properties</value>
		</property>
	</bean>

	<bean id="dataSource" destroy-method="close"
		class="org.apache.commons.dbcp2.BasicDataSource">
		<property name="driverClassName" value="${driver}" />
		<property name="url" value="${url}" />
		<property name="username" value="${username}" />
		<property name="password" value="${password}" />
	</bean>

	 <bean id="mysessionFactory"  class="org.springframework.orm.hibernate3.LocalSessionFactoryBean">  
	 
        <property name="dataSource" ref="dataSource"></property>  
          
        <property name="mappingResources">  
        <list>  
        <value>stud.hbm.xml</value>    
        </list>  
        </property>  
          
        <property name="hibernateProperties">  
            <props>  
                <prop key="hibernate.dialect">org.hibernate.dialect.Oracle10gDialect</prop>  
                <!-- <prop key="hibernate.hbm2ddl.auto">update</prop>   -->
                <prop key="hibernate.show_sql">true</prop>  
            </props>  
        </property>  
        
    </bean>  
      
    <bean id="template" class="org.springframework.orm.hibernate3.HibernateTemplate">  
    <property name="sessionFactory" ref="mysessionFactory"></property>  
    </bean>  
          
    <bean id="sdao" class="it.sella.com.StudentDao">
		<property name="template" ref="template"></property>
	</bean>

</beans>