<beans xmlns="http://www.springframework.org/schema/beans"
    xmlns:xsi="http://www.w3.org/2001/XMLSchema-instance"
    xmlns:util="http://www.springframework.org/schema/util" 
    xsi:schemaLocation="
        http://www.springframework.org/schema/beans http://www.springframework.org/schema/beans/spring-beans.xsd
        http://www.springframework.org/schema/util http://www.springframework.org/schema/util/spring-util.xsd">
	
	<bean class = "com.Address" id = "addr_obj">
				<property name="city" value = "Chennai"/>
				<property name="state" value = "Tamil Nadu"/>
				<property name="pinCode" value = "600094"/>
	</bean>


	<bean class="com.Employee" id="emp_obj">  
		<property name="eno" value="100" />
		<property name="ename" value="Kiran"></property>
		<property name="salary">
			<value>10000</value>
		</property>
		<property name="address" ref = "addr_obj"/>	
	</bean>
	
	<bean class = "com.ArrayTest" id = "arr_Test">
		<property name="name">
			<list>
				<value>Dinesh</value>
				<value>Rakesh</value>
				<value>Praveen</value>
			</list>
		</property>
	</bean>
	
	<bean id = "a1" class = "com.Address">
		<property name="city" value = "Trivendrum"/>
		<property name="state" value = "Kerala"/>
		<property name="pinCode" value = "522100"/>
	</bean>
	<bean id = "a2" class = "com.Address">
		<property name="city" value = "Cochin"/>
		<property name="state" value = "Kerala"/>
		<property name="pinCode" value = "532410"/>
	</bean>
	<bean id = "a3" class = "com.Address">
		<property name="city" value = "Trissur"/>
		<property name="state" value = "Kerala"/>
		<property name="pinCode" value = "536895"/>
	</bean>
	
	<bean id = "objArr" class = "com.ArrayObjectTest">
		<property name="address">
			<list>
				<ref bean = "a1"/>
				<ref bean = "a2"/>
				<ref bean = "a3"/>
			</list>
		</property>
	</bean>
	
	<!-- Collection Injection configurations -->
	<bean id = "collTest" class = "com.CollectionTest">
		<property name="carCompanies">
			<list>
				<value>Honda</value>
				<value>Hundai</value>
				<value>Tata</value>
			</list>
		</property>
		
		<property name="states">
			<set>
				<value>Madhya Pradesh</value>
				<value>Tamil nadu</value>
				<value>Kerala</value>
			</set>
		</property>
		
		<property name="pincodes">
			<set value-type="int">
				<value>512000</value>
				<value>568222</value>
				<value>856666</value>
			</set>
		</property>
		
		<property name="stateCap">
			<map>
				<entry key = "Kerala" value = "Trivendrum"/>
				<entry key = "Tamilnadu" value = "Chennai"/>
				<entry key = "Telangana" value = "Hyderabad"/>
			</map>
		</property>
		
		<property name="carModels">
		<util:list list-class = "java.util.Vector">
			<value>Honda City</value>
			<value>Honda Wrv</value>
		</util:list>
		</property>
		
		<property name="properties">
			<util:properties location="classpath:./db_properties.properties"/>
		</property>
	</bean>
	
	<!-- Constructor injection Configuration -->
	<bean id = "cntTest" class = "com.ConstructorTest">
		<constructor-arg value = "Nagaraj" type = "String" index="0"/>
		<constructor-arg value = "90" type = "int" index="2"/>
		<constructor-arg value = "1001"  type = "int" index="1"/>
		<constructor-arg value = "Chennai" type = "String" index="3"/>		
	</bean>
	
	<!-- Constructor injection parameter ambiguity test -->
	<bean id = "stdObj" class = "com.Student">
    	<constructor-arg value="100" type = "long"/>
    	<constructor-arg value="SSS" type = "String"/>
    </bean>
	
	<!-- Non -static factory method call -->
	<bean id = "aa1" class = "com.A"/>
	
	<bean id = "dtObj" factory-bean="aa1" factory-method="getDate"/>
	
	<bean id = "b1" factory-bean = "aa1" factory-method = "getB"/>
	
	<!-- Static factory method call -->
	<bean id ="staticObj" class = "com.StaticFactoryBeanTest" factory-method = "getInstance"/>
	
	<bean id = "sampA" class = "com.SampleA">
    	<constructor-arg ref = "sampB"></constructor-arg>
    </bean>
    
    <bean id = "sampB" class = "com.SampleB" >
    </bean>
    
    <bean id = "scopeChk" class = "com.ScopeCheck" scope = "prototype"/> <!-- scope = "prototype" -->
    
</beans>


