<!-- <!DOCTYPE beans PUBLIC "-//SPRING//DTD BEAN 2.0//EN"
			"http://www.springframework.org/dtd/spring-beans-2.0.dtd"> -->
			
<beans xmlns="http://www.springframework.org/schema/beans"
    xmlns:xsi="http://www.w3.org/2001/XMLSchema-instance"
    xmlns:util="http://www.springframework.org/schema/util"
    xsi:schemaLocation="
        http://www.springframework.org/schema/beans http://www.springframework.org/schema/beans/spring-beans.xsd
        http://www.springframework.org/schema/util http://www.springframework.org/schema/util/spring-util.xsd">

	<bean id="emp_addr" class="com.Address">
		<property name="city" value="Chennai" />
		<property name="state" value="TamilNadu" />
		<property name="pinCode" value="600094" />
	</bean>

	<bean id="emp_obj" class="com.Employee">
		<property name="eno" value="101"></property>
		<property name="name" value="Nagaraj"></property>
		<property name="salary">
			<value>10000</value>
		</property>
		<property name="address" ref="emp_addr" />
	</bean>

	<bean id="arrTest" class="com.ArrayTest">
		<property name="name">
			<list>
				<value>Nagaraj</value>
				<value>Kiran</value>
				<value>Praveen</value>
			</list>
		</property>
	</bean>

	<bean id="obj_arr" class="com.ArrayOfObjects">
		<property name="address">
			<list>
				<ref bean="a1" />
				<ref bean="a2" />
				<ref bean="a3" />
			</list>
		</property>
	</bean>

	<bean id="a1" class="com.Address">
		<property name="city" value="Chennai" />
		<property name="state" value="TamilNadu" />
		<property name="pinCode" value="600094" />
	</bean>
	<bean id="a2" class="com.Address">
		<property name="city" value="Hyderabad" />
		<property name="state" value="Telangana" />
		<property name="pinCode" value="510052" />
	</bean>
	<bean id="a3" class="com.Address">
		<property name="city" value="Trivendrum" />
		<property name="state" value="Kerala" />
		<property name="pinCode" value="600065" />
	</bean>

	<bean id="col_test" class="com.CollectionBeanTest">
		
		<property name="carCompanies">
			<list>
				<value>Honda</value>
				<value>Hundai</value>
				<value>Ford</value>
			</list>
		</property>
		
		<property name="states">
			<set>
				<value>Madhya Pradesh</value>
				<value>Maharashtra</value>
				<value>Andhra Pradesh</value>
			</set>
		</property>
		
		<property name="carModels">
			<map>
				<entry key = "Honda" value = "Amaze"/>
				<entry key = "Hundai" value = "Verna"/>
				<entry key = "Ford" value = "Aspire"/>
			</map>
		</property>
		
		<property name="capitals">
			<util:list list-class = "java.util.Vector" value-type="int">
				<value>122</value>
				<value>233</value>
				<value>333</value>
			</util:list>
		</property>
		
		<property name="cricters">
			<util:set set-class = "java.util.TreeSet">
				<value>Ganguly</value>
				<value>Dravid</value>
				<value>Sachin</value>
			</util:set>
		</property>
		
		<property name="dbDetails">
			<util:properties location = "classpath:./jdbc_properties.properties">
			</util:properties>
		</property>
	</bean>

	<bean id = "cntTest" class = "com.ConstructorTest">
		<constructor-arg value = "Nagaraj" type = "String"/>
		<constructor-arg value = "100" type = "int"/>
		<constructor-arg value = "90" type = "int"/>
		<constructor-arg value = "Chennai" type = "String"/>		
	</bean>
	
    <bean id = "sampA" class = "com.SampleA">
    	<constructor-arg ref = "sampB"></constructor-arg>
    </bean>
    
    <bean id = "sampB" class = "com.SampleB">
    </bean>
    
    <bean id = "stdObj" class = "com.Student">
    	<constructor-arg value="100" type="long"/>
    	<constructor-arg value="C" type = "String"/>
    </bean>
    
    <bean id = "aa1" class = "com.A" />
    <bean id = "dtObj" factory-bean="aa1" factory-method="getDate"/>
    
	<bean id = "b1" class = "com.B"/>
	<bean id = "dtObj1" factory-bean = "b1" factory-method = "getCurrDate"/>
	
	
</beans>


<!-- <beans xmlns="http://www.springframework.org/schema/beans"
    xmlns:xsi="http://www.w3.org/2001/XMLSchema-instance"
    xmlns:util="http://www.springframework.org/schema/util"
    xsi:schemaLocation="
        http://www.springframework.org/schema/beans http://www.springframework.org/schema/beans/spring-beans.xsd
        http://www.springframework.org/schema/util http://www.springframework.org/schema/util/spring-util.xsd"> -->