<?xml version="1.0" encoding="UTF-8"?>
<!DOCTYPE beans PUBLIC "-//SPRING//DTD BEAN 2.0//EN" "http://www.springframework.org/dtd/spring-beans-2.0.dtd">
<beans>

	<bean id="student" class="com.Student">
		<property name="sid">
			<value>100</value>
		</property>
		<property name="name" value="Nagaraj" />
		<property name="address" ref="addr"></property>
	</bean>
	
	<bean id = "addr" class = "com.Address">
		<property name="city" value = "Chennai"/>
		<property name="state" value = "Tamil Nadu"/>
		<property name="pinCode" value = "600002"></property>
	</bean>
	
	<bean id = "addr1" class = "com.Address">
		<property name="city" value = "Hyderabad"/>
		<property name="state" value ="Telangana"/>
		<property name="pinCode" value = "400210"/>
	</bean>
	
	<bean id = "addr2" class = "com.Address">
		<property name="city" value = "Trivendrum"/>
		<property name="state" value = "Kerala"/>
		<property name="pinCode" value = "600214"/>
	</bean>
	
	<bean id = "arrAddr" class = "com.ArrayOfAddress">
		<property name="arrAddress">
			<list>
				<ref bean ="addr"/>
				<ref bean = "addr1"/>
				<ref bean = "addr2"/>
			</list>
		</property>
	</bean>
	
	<bean id = "arrName" class = "com.ArrayOfNames">
		<property name="name">
			<list>
				<value>RAMESH</value>
				<value>SAI CHAND</value>
				<value>SUMANJALI</value>
			</list>
		</property>
	</bean>
	
	<bean id = "addr3" class = "com.Address">
		<constructor-arg value = "200100" type="int" index="2"/>
		<constructor-arg value="Mumbai" type="String" index="0"/>
		<constructor-arg value = "Maharashtra" type ="String" index="1"/>
	</bean>
	
	<bean id = "stud3" class = "com.Student">
		<constructor-arg value = "1002" type = "int"/>
		<constructor-arg value = "Sanjay" type = "String"/>
		<constructor-arg ref = "addr3" type = "com.Address"/>
	</bean>
	
	
</beans>