<?xml version="1.0" encoding="UTF-8"?>
<beans xmlns="http://www.springframework.org/schema/beans"
	xmlns:xsi="http://www.w3.org/2001/XMLSchema-instance"
	xmlns:context="http://www.springframework.org/schema/context"
	xmlns:mvc="http://www.springframework.org/schema/mvc"
	xsi:schemaLocation="
		http://www.springframework.org/schema/beans
    	http://www.springframework.org/schema/beans/spring-beans.xsd
    	http://www.springframework.org/schema/context
    	http://www.springframework.org/schema/context/spring-context.xsd
    	http://www.springframework.org/schema/mvc
        http://www.springframework.org/schema/mvc/spring-mvc.xsd">

	<!-- Reading the package where the controller classes are available -->
	<context:component-scan
		base-package="it.sella.com"></context:component-scan>

	<!-- Taking mvc annotation support -->
	<mvc:annotation-driven />

	<bean id="pid" class="it.sella.com.PdfController" />

	<bean id="sid"
		class="org.springframework.web.servlet.handler.SimpleUrlHandlerMapping">
		<property name="mappings">
			<props>
				<prop key="/pdfContrl">pid</prop>
			</props>
		</property>
	</bean>

	<bean id="viewResolver" class="org.springframework.web.servlet.view.BeanNameViewResolver" />


	<bean id="viewbean" class="it.sella.com.MyPdfView" />

	<!-- <bean
		class="org.springframework.web.servlet.view.InternalResourceViewResolver">
		<property name="prefix" value="/WEB-INF/view/" />
		<property name="suffix" value=".jsp" />
	</bean> -->

</beans>