<?xml version="1.0" encoding="UTF-8"?>
<beans xmlns="http://www.springframework.org/schema/beans"
	xmlns:xsi="http://www.w3.org/2001/XMLSchema-instance"
	xmlns:context="http://www.springframework.org/schema/context"
	xmlns:util="http://www.springframework.org/schema/util"
	xsi:schemaLocation="
        http://www.springframework.org/schema/beans 
        http://www.springframework.org/schema/beans/spring-beans.xsd
        http://www.springframework.org/schema/context
        http://www.springframework.org/schema/context/spring-context.xsd
        http://www.springframework.org/schema/util 
        http://www.springframework.org/schema/util/spring-util.xsd">

	<!-- Hibernate session factory -->
	<bean id="sessionFactory"
		class="org.springframework.orm.hibernate3.annotation.AnnotationSessionFactoryBean">

		<property name="dataSource">
			<ref bean="dataSource" />
		</property>

		<property name="hibernateProperties">
			<props>
				<prop key="hibernate.dialect">org.hibernate.dialect.Oracle10gDialect</prop>
				<prop key="hibernate.show_sql">true</prop>
			</props>
		</property>

		<property name="annotatedClasses">
			<list>
				<value>it.sella.com.Student</value>
			</list>
		</property>
		
	</bean>
</beans>